Semaine,Date_debut,Mois,Trimestre,Maladie,Total_cas,Total_deces,Taux_letalite_pct
2023-S01,2023-01-02,1,Q1,COQUELUCHE,1.0,0.0,0.0
2023-S03,2023-01-16,1,Q1,COQUELUCHE,15.0,0.0,0.0
2023-S04,2023-01-23,1,Q1,COQUELUCHE,29.0,0.0,0.0
2023-S04,2023-01-29,1,Q1,COQUELUCHE,21.5,0.0,0.0
2023-S05,2023-01-30,1,Q1,COQUELUCHE,14.0,0.0,0.0
2023-S05,2023-02-01,2,Q1,COQUELUCHE,15.0,0.0,0.0
2023-S06,2023-02-06,2,Q1,COQUELUCHE,1.0,0.0,0.0
2023-S07,2023-02-13,2,Q1,COQUELUCHE,21.0,0.0,0.0
2023-S08,2023-02-20,2,Q1,COQUELUCHE,20.0,0.0,0.0
2023-S22,2023-06-02,6,Q2,COQUELUCHE,28.0,0.0,0.0
2023-S35,2023-09-01,9,Q3,COQUELUCHE,16.0,0.0,0.0
2023-S01,2023-01-02,1,Q1,COVID-19,1.0,0.0,0.0
2023-S02,2023-01-09,1,Q1,COVID-19,302.5,0.0,0.0
2023-S03,2023-01-16,1,Q1,COVID-19,604.0,0.0,0.0
2023-S03,2023-01-17,1,Q1,COVID-19,20.0,0.0,0.0
2023-S04,2023-01-23,1,Q1,COVID-19,386.0,0.0,0.0
2023-S04,2023-01-29,1,Q1,COVID-19,462.5,0.0,0.0
2023-S05,2023-01-30,1,Q1,COVID-19,539.0,0.0,0.0
2023-S05,2023-02-01,2,Q1,COVID-19,701.0,1.0,0.14
2023-S06,2023-02-06,2,Q1,COVID-19,2.0,0.0,0.0
2023-S07,2023-02-13,2,Q1,COVID-19,734.0,1.0,0.14
2023-S08,2023-02-20,2,Q1,COVID-19,596.0,0.0,0.0
2023-S08,2023-02-23,2,Q1,COVID-19,26.0,0.0,0.0
2023-S22,2023-06-02,6,Q2,COVID-19,570.0,0.0,0.0
2023-S35,2023-09-01,9,Q3,COVID-19,587.0,0.0,0.0
2023-S01,2023-01-02,1,Q1,Choléra,0.0,20.5,0.0
2023-S02,2023-01-09,1,Q1,Choléra,0.0,16.1,0.0
2023-S03,2023-01-16,1,Q1,Choléra,625.0,11.8,1.89
2023-S04,2023-01-23,1,Q1,Choléra,552.0,5.300000000000001,0.96
2023-S04,2023-01-26,1,Q1,Choléra,1.0,0.0,0.0
2023-S05,2023-01-30,1,Q1,Choléra,1063.0,4.0,0.38
2023-S05,2023-02-01,2,Q1,Choléra,1191.0,6.0,0.5
2023-S06,2023-02-06,2,Q1,Choléra,255.0,1.0,0.39
2023-S07,2023-02-13,2,Q1,Choléra,595.0,10.5,1.76
2023-S07,2023-02-16,2,Q1,Choléra,12.0,4.0,33.33
2023-S08,2023-02-20,2,Q1,Choléra,271.0,23.5,8.67
2023-S22,2023-06-02,6,Q2,Choléra,186.0,2.0,1.08
2023-S35,2023-09-01,9,Q3,Choléra,688.0,3.0,0.44
2023-S35,2023-09-02,9,Q3,Choléra,1.0,0.0,0.0
2023-S01,2023-01-02,1,Q1,DECES MATERNELS,102.0,2.9,2.84
2023-S02,2023-01-09,1,Q1,DECES MATERNELS,4.0,3.0,75.0
2023-S03,2023-01-16,1,Q1,DECES MATERNELS,228.0,10.0,4.39
2023-S03,2023-01-17,1,Q1,DECES MATERNELS,1.0,0.0,0.0
2023-S04,2023-01-23,1,Q1,DECES MATERNELS,139.0,16.4,11.8
2023-S04,2023-01-26,1,Q1,DECES MATERNELS,1.0,1.0,100.0
2023-S04,2023-01-29,1,Q1,DECES MATERNELS,1.0,1.0,100.0
2023-S05,2023-01-30,1,Q1,DECES MATERNELS,30.0,10.0,33.33
2023-S05,2023-02-01,2,Q1,DECES MATERNELS,24.0,6.0,25.0
2023-S07,2023-02-13,2,Q1,DECES MATERNELS,277.0,12.0,4.33
2023-S07,2023-02-16,2,Q1,DECES MATERNELS,1.0,1.0,100.0
2023-S08,2023-02-20,2,Q1,DECES MATERNELS,234.0,9.3,3.97
2023-S08,2023-02-22,2,Q1,DECES MATERNELS,1.0,1.0,100.0
2023-S22,2023-06-02,6,Q2,DECES MATERNELS,39.0,13.0,33.33
2023-S26,2023-07-01,7,Q3,DECES MATERNELS,31.0,1.0,3.23
2023-S35,2023-09-01,9,Q3,DECES MATERNELS,23.0,7.0,30.43
2023-S48,2023-12-01,12,Q4,DECES MATERNELS,2.0,2.0,100.0
2023-S00,2023-01-01,1,Q1,Diarrhée aqueuse,305.0,0.0,0.0
2023-S01,2023-01-02,1,Q1,Diarrhée aqueuse,2126.0,105.5,4.96
2023-S02,2023-01-09,1,Q1,Diarrhée aqueuse,1801.0,145.6,8.08
2023-S03,2023-01-16,1,Q1,Diarrhée aqueuse,11828.0,161.2,1.36
2023-S03,2023-01-17,1,Q1,Diarrhée aqueuse,45.0,0.0,0.0
2023-S03,2023-01-19,1,Q1,Diarrhée aqueuse,296.0,0.0,0.0
2023-S03,2023-01-22,1,Q1,Diarrhée aqueuse,77.0,0.0,0.0
2023-S04,2023-01-23,1,Q1,Diarrhée aqueuse,10721.0,157.9,1.47
2023-S04,2023-01-24,1,Q1,Diarrhée aqueuse,554.0,2.0,0.36
2023-S04,2023-01-26,1,Q1,Diarrhée aqueuse,377.0,0.0,0.0
2023-S04,2023-01-29,1,Q1,Diarrhée aqueuse,298.0,0.0,0.0
2023-S05,2023-01-30,1,Q1,Diarrhée aqueuse,11307.0,23.0,0.2
2023-S05,2023-02-01,2,Q1,Diarrhée aqueuse,9233.0,11.0,0.12
2023-S06,2023-02-06,2,Q1,Diarrhée aqueuse,1510.0,2.0,0.13
2023-S07,2023-02-13,2,Q1,Diarrhée aqueuse,11883.0,165.6,1.39
2023-S07,2023-02-16,2,Q1,Diarrhée aqueuse,314.0,0.0,0.0
2023-S08,2023-02-20,2,Q1,Diarrhée aqueuse,10492.0,144.4,1.38
2023-S08,2023-02-22,2,Q1,Diarrhée aqueuse,339.0,2.0,0.59
2023-S08,2023-02-23,2,Q1,Diarrhée aqueuse,90.0,0.0,0.0
2023-S22,2023-06-02,6,Q2,Diarrhée aqueuse,10103.0,6.0,0.06
2023-S26,2023-07-01,7,Q3,Diarrhée aqueuse,37.0,0.0,0.0
2023-S35,2023-09-01,9,Q3,Diarrhée aqueuse,8392.0,13.0,0.15
2023-S35,2023-09-02,9,Q3,Diarrhée aqueuse,309.0,0.0,0.0
2023-S48,2023-12-01,12,Q4,Diarrhée aqueuse,445.0,0.0,0.0
2023-S48,2023-12-02,12,Q4,Diarrhée aqueuse,3.0,0.0,0.0
2023-S00,2023-01-01,1,Q1,Diarrhée sanglante,16.0,0.0,0.0
2023-S01,2023-01-02,1,Q1,Diarrhée sanglante,222.33333333333334,7.1,3.19
2023-S02,2023-01-09,1,Q1,Diarrhée sanglante,428.6666666666667,12.0,2.8
2023-S03,2023-01-16,1,Q1,Diarrhée sanglante,635.0,9.7,1.53
2023-S03,2023-01-17,1,Q1,Diarrhée sanglante,1.0,0.0,0.0
2023-S03,2023-01-19,1,Q1,Diarrhée sanglante,2.0,0.0,0.0
2023-S04,2023-01-23,1,Q1,Diarrhée sanglante,643.0,8.1,1.26
2023-S04,2023-01-26,1,Q1,Diarrhée sanglante,7.0,0.0,0.0
2023-S04,2023-01-29,1,Q1,Diarrhée sanglante,14.0,0.0,0.0
2023-S05,2023-01-30,1,Q1,Diarrhée sanglante,791.0,0.0,0.0
2023-S05,2023-02-01,2,Q1,Diarrhée sanglante,580.0,0.0,0.0
2023-S06,2023-02-06,2,Q1,Diarrhée sanglante,10.0,0.0,0.0
2023-S07,2023-02-13,2,Q1,Diarrhée sanglante,657.0,4.6,0.7
2023-S07,2023-02-16,2,Q1,Diarrhée sanglante,8.0,0.0,0.0
2023-S08,2023-02-20,2,Q1,Diarrhée sanglante,795.0,14.200000000000001,1.79
2023-S08,2023-02-22,2,Q1,Diarrhée sanglante,4.0,0.0,0.0
2023-S22,2023-06-02,6,Q2,Diarrhée sanglante,644.0,1.0,0.16
2023-S26,2023-07-01,7,Q3,Diarrhée sanglante,8.0,0.0,0.0
2023-S35,2023-09-01,9,Q3,Diarrhée sanglante,587.0,0.0,0.0
2023-S48,2023-12-01,12,Q4,Diarrhée sanglante,13.0,0.0,0.0
2023-S01,2023-01-02,1,Q1,FIEVRE JAUNE,1.0,0.0,0.0
2023-S02,2023-01-09,1,Q1,FIEVRE JAUNE,3.0,0.0,0.0
2023-S03,2023-01-16,1,Q1,FIEVRE JAUNE,16.0,0.9,5.62
2023-S03,2023-01-17,1,Q1,FIEVRE JAUNE,1.0,0.0,0.0
2023-S03,2023-01-22,1,Q1,FIEVRE JAUNE,1.0,0.0,0.0
2023-S04,2023-01-23,1,Q1,FIEVRE JAUNE,15.0,1.0,6.67
2023-S04,2023-01-24,1,Q1,FIEVRE JAUNE,1.0,0.0,0.0
2023-S04,2023-01-29,1,Q1,FIEVRE JAUNE,9.0,0.0,0.0
2023-S05,2023-01-30,1,Q1,FIEVRE JAUNE,17.0,0.0,0.0
2023-S05,2023-02-01,2,Q1,FIEVRE JAUNE,7.0,0.0,0.0
2023-S07,2023-02-13,2,Q1,FIEVRE JAUNE,15.0,2.4,16.0
2023-S08,2023-02-20,2,Q1,FIEVRE JAUNE,16.0,0.0,0.0
2023-S22,2023-06-02,6,Q2,FIEVRE JAUNE,13.0,0.0,0.0
2023-S35,2023-09-01,9,Q3,FIEVRE JAUNE,8.0,0.0,0.0
2023-S00,2023-01-01,1,Q1,Fièvre typhoïde,854.0,0.0,0.0
2023-S01,2023-01-02,1,Q1,Fièvre typhoïde,2411.0,205.8,8.54
2023-S02,2023-01-09,1,Q1,Fièvre typhoïde,2018.0,167.1,8.28
2023-S03,2023-01-16,1,Q1,Fièvre typhoïde,38830.0,219.6,0.57
2023-S03,2023-01-17,1,Q1,Fièvre typhoïde,1523.0,0.0,0.0
2023-S03,2023-01-19,1,Q1,Fièvre typhoïde,568.0,0.0,0.0
2023-S03,2023-01-22,1,Q1,Fièvre typhoïde,1510.0,1.0,0.07
2023-S04,2023-01-23,1,Q1,Fièvre typhoïde,38918.0,127.4,0.33
2023-S04,2023-01-24,1,Q1,Fièvre typhoïde,141.0,0.0,0.0
2023-S04,2023-01-26,1,Q1,Fièvre typhoïde,920.0,0.0,0.0
2023-S05,2023-01-30,1,Q1,Fièvre typhoïde,40276.0,8.0,0.02
2023-S05,2023-02-01,2,Q1,Fièvre typhoïde,38584.0,2.0,0.01
2023-S06,2023-02-06,2,Q1,Fièvre typhoïde,1464.0,1.0,0.07
2023-S07,2023-02-13,2,Q1,Fièvre typhoïde,41233.0,218.29999999999998,0.53
2023-S07,2023-02-16,2,Q1,Fièvre typhoïde,897.0,0.0,0.0
2023-S08,2023-02-20,2,Q1,Fièvre typhoïde,35038.0,161.5,0.46
2023-S08,2023-02-22,2,Q1,Fièvre typhoïde,854.0,0.0,0.0
2023-S08,2023-02-23,2,Q1,Fièvre typhoïde,1766.0,1.0,0.06
2023-S22,2023-06-02,6,Q2,Fièvre typhoïde,37860.0,9.0,0.02
2023-S26,2023-07-01,7,Q3,Fièvre typhoïde,933.0,0.0,0.0
2023-S35,2023-09-01,9,Q3,Fièvre typhoïde,35007.0,5.0,0.01
2023-S35,2023-09-02,9,Q3,Fièvre typhoïde,797.0,0.0,0.0
2023-S48,2023-12-01,12,Q4,Fièvre typhoïde,624.0,0.0,0.0
2023-S48,2023-12-02,12,Q4,Fièvre typhoïde,1.0,0.0,0.0
2023-S00,2023-01-01,1,Q1,Grippe,1238.0,1.0,0.08
2023-S01,2023-01-02,1,Q1,Grippe,6236.0,127.5,2.04
2023-S02,2023-01-09,1,Q1,Grippe,5980.0,135.0,2.26
2023-S03,2023-01-16,1,Q1,Grippe,46331.0,103.6,0.22
2023-S03,2023-01-17,1,Q1,Grippe,4274.0,0.0,0.0
2023-S03,2023-01-19,1,Q1,Grippe,910.0,0.0,0.0
2023-S03,2023-01-22,1,Q1,Grippe,4495.0,0.0,0.0
2023-S04,2023-01-23,1,Q1,Grippe,46194.0,139.6,0.3
2023-S04,2023-01-24,1,Q1,Grippe,30.0,0.0,0.0
2023-S04,2023-01-26,1,Q1,Grippe,1231.0,0.0,0.0
2023-S04,2023-01-29,1,Q1,Grippe,137.0,0.0,0.0
2023-S05,2023-01-30,1,Q1,Grippe,48723.0,1.0,0.0
2023-S05,2023-02-01,2,Q1,Grippe,42003.0,3.0,0.01
2023-S06,2023-02-06,2,Q1,Grippe,5891.0,0.0,0.0
2023-S07,2023-02-13,2,Q1,Grippe,51180.0,144.5,0.28
2023-S07,2023-02-16,2,Q1,Grippe,1489.0,0.0,0.0
2023-S08,2023-02-20,2,Q1,Grippe,41398.0,137.6,0.33
2023-S08,2023-02-22,2,Q1,Grippe,1121.0,0.0,0.0
2023-S08,2023-02-23,2,Q1,Grippe,3462.0,0.0,0.0
2023-S22,2023-06-02,6,Q2,Grippe,43902.0,2.0,0.0
2023-S26,2023-07-01,7,Q3,Grippe,306.0,0.0,0.0
2023-S35,2023-09-01,9,Q3,Grippe,40776.0,2.0,0.0
2023-S35,2023-09-02,9,Q3,Grippe,967.0,0.0,0.0
2023-S48,2023-12-01,12,Q4,Grippe,1098.0,0.0,0.0
2023-S00,2023-01-01,1,Q1,Infection respiratoire aiguë,4596.0,0.0,0.0
2023-S01,2023-01-02,1,Q1,Infection respiratoire aiguë,17287.0,3239.2000000000003,18.74
2023-S02,2023-01-09,1,Q1,Infection respiratoire aiguë,17587.0,3459.8,19.67
2023-S03,2023-01-16,1,Q1,Infection respiratoire aiguë,100074.0,3502.8,3.5
2023-S03,2023-01-17,1,Q1,Infection respiratoire aiguë,3153.0,2.0,0.06
2023-S03,2023-01-19,1,Q1,Infection respiratoire aiguë,5143.0,0.0,0.0
2023-S03,2023-01-22,1,Q1,Infection respiratoire aiguë,2701.0,1.0,0.04
2023-S04,2023-01-23,1,Q1,Infection respiratoire aiguë,91744.0,3586.2000000000003,3.91
2023-S04,2023-01-24,1,Q1,Infection respiratoire aiguë,4528.0,1.0,0.02
2023-S04,2023-01-26,1,Q1,Infection respiratoire aiguë,4686.0,0.0,0.0
2023-S04,2023-01-29,1,Q1,Infection respiratoire aiguë,1854.0,0.0,0.0
2023-S05,2023-01-30,1,Q1,Infection respiratoire aiguë,94795.0,30.0,0.03
2023-S05,2023-02-01,2,Q1,Infection respiratoire aiguë,87814.0,20.0,0.02
2023-S06,2023-02-06,2,Q1,Infection respiratoire aiguë,13408.0,1.0,0.01
2023-S07,2023-02-13,2,Q1,Infection respiratoire aiguë,100448.0,3332.0,3.32
2023-S07,2023-02-16,2,Q1,Infection respiratoire aiguë,5285.0,0.0,0.0
2023-S08,2023-02-20,2,Q1,Infection respiratoire aiguë,85740.0,3056.0,3.56
2023-S08,2023-02-22,2,Q1,Infection respiratoire aiguë,5843.0,1.0,0.02
2023-S08,2023-02-23,2,Q1,Infection respiratoire aiguë,3650.0,1.0,0.03
2023-S22,2023-06-02,6,Q2,Infection respiratoire aiguë,87649.0,17.0,0.02
2023-S26,2023-07-01,7,Q3,Infection respiratoire aiguë,3267.0,3.0,0.09
2023-S35,2023-09-01,9,Q3,Infection respiratoire aiguë,85135.0,18.0,0.02
2023-S35,2023-09-02,9,Q3,Infection respiratoire aiguë,5529.0,0.0,0.0
2023-S48,2023-12-01,12,Q4,Infection respiratoire aiguë,4640.0,0.0,0.0
2023-S48,2023-12-02,12,Q4,Infection respiratoire aiguë,131.0,0.0,0.0
2023-S03,2023-01-16,1,Q1,MAPI GRAVES,0.0,0.0,0.0
2023-S04,2023-01-23,1,Q1,MAPI GRAVES,2.0,0.0,0.0
2023-S05,2023-01-30,1,Q1,MAPI GRAVES,1.0,0.0,0.0
2023-S05,2023-02-01,2,Q1,MAPI GRAVES,1.5,0.0,0.0
2023-S07,2023-02-13,2,Q1,MAPI GRAVES,2.0,2.0,100.0
2023-S08,2023-02-20,2,Q1,MAPI GRAVES,2.0,0.0,0.0
2023-S22,2023-06-02,6,Q2,MAPI GRAVES,2.0,0.0,0.0
2023-S35,2023-09-01,9,Q3,MAPI GRAVES,0.0,0.0,0.0
2023-S01,2023-01-02,1,Q1,MAPI LEGERES,5.0,0.0,0.0
2023-S02,2023-01-09,1,Q1,MAPI LEGERES,18.0,0.0,0.0
2023-S03,2023-01-16,1,Q1,MAPI LEGERES,158.0,0.0,0.0
2023-S03,2023-01-22,1,Q1,MAPI LEGERES,2.0,0.0,0.0
2023-S04,2023-01-23,1,Q1,MAPI LEGERES,112.0,0.0,0.0
2023-S04,2023-01-24,1,Q1,MAPI LEGERES,3.0,0.0,0.0
2023-S05,2023-01-30,1,Q1,MAPI LEGERES,174.0,0.0,0.0
2023-S05,2023-02-01,2,Q1,MAPI LEGERES,33.0,0.0,0.0
2023-S06,2023-02-06,2,Q1,MAPI LEGERES,2.0,0.0,0.0
2023-S07,2023-02-13,2,Q1,MAPI LEGERES,189.0,0.0,0.0
2023-S08,2023-02-20,2,Q1,MAPI LEGERES,187.0,0.0,0.0
2023-S22,2023-06-02,6,Q2,MAPI LEGERES,166.0,0.0,0.0
2023-S35,2023-09-01,9,Q3,MAPI LEGERES,117.0,0.0,0.0
2023-S01,2023-01-02,1,Q1,Monkeypox,23.0,1.0,4.35
2023-S02,2023-01-09,1,Q1,Monkeypox,27.0,1.0,3.7
2023-S03,2023-01-16,1,Q1,Monkeypox,110.0,4.0,3.64
2023-S04,2023-01-23,1,Q1,Monkeypox,132.0,8.0,6.06
2023-S04,2023-01-24,1,Q1,Monkeypox,4.0,1.0,25.0
2023-S04,2023-01-29,1,Q1,Monkeypox,2.0,0.0,0.0
2023-S05,2023-01-30,1,Q1,Monkeypox,120.0,5.0,4.17
2023-S05,2023-02-01,2,Q1,Monkeypox,126.0,6.0,4.76
2023-S06,2023-02-06,2,Q1,Monkeypox,5.0,0.0,0.0
2023-S07,2023-02-13,2,Q1,Monkeypox,126.0,6.0,4.76
2023-S08,2023-02-20,2,Q1,Monkeypox,103.0,7.0,6.8
2023-S22,2023-06-02,6,Q2,Monkeypox,146.0,7.0,4.79
2023-S35,2023-09-01,9,Q3,Monkeypox,115.0,2.0,1.74
2023-S00,2023-01-01,1,Q1,Méningite,8.0,2.0,25.0
2023-S01,2023-01-02,1,Q1,Méningite,30.0,8.3,27.67
2023-S02,2023-01-09,1,Q1,Méningite,21.0,5.9,28.1
2023-S03,2023-01-16,1,Q1,Méningite,185.0,33.9,18.32
2023-S03,2023-01-17,1,Q1,Méningite,3.0,0.0,0.0
2023-S03,2023-01-19,1,Q1,Méningite,2.0,0.0,0.0
2023-S03,2023-01-22,1,Q1,Méningite,2.0,0.0,0.0
2023-S04,2023-01-23,1,Q1,Méningite,120.0,17.7,14.75
2023-S04,2023-01-24,1,Q1,Méningite,8.0,0.0,0.0
2023-S04,2023-01-26,1,Q1,Méningite,2.0,0.0,0.0
2023-S04,2023-01-29,1,Q1,Méningite,1.0,0.0,0.0
2023-S05,2023-01-30,1,Q1,Méningite,273.0,14.0,5.13
2023-S05,2023-02-01,2,Q1,Méningite,99.0,5.0,5.05
2023-S06,2023-02-06,2,Q1,Méningite,19.0,2.0,10.53
2023-S07,2023-02-13,2,Q1,Méningite,89.0,21.4,24.04
2023-S07,2023-02-16,2,Q1,Méningite,20.0,0.0,0.0
2023-S08,2023-02-20,2,Q1,Méningite,101.0,12.8,12.67
2023-S08,2023-02-22,2,Q1,Méningite,1.0,0.0,0.0
2023-S22,2023-06-02,6,Q2,Méningite,102.0,9.0,8.82
2023-S26,2023-07-01,7,Q3,Méningite,3.0,0.0,0.0
2023-S35,2023-09-01,9,Q3,Méningite,53.0,7.0,13.21
2023-S35,2023-09-02,9,Q3,Méningite,5.0,0.0,0.0
2023-S48,2023-12-01,12,Q4,Méningite,10.0,0.0,0.0
2023-S01,2023-01-02,1,Q1,PESTE,1.0,0.0,0.0
2023-S03,2023-01-16,1,Q1,PESTE,2.0,0.0,0.0
2023-S04,2023-01-23,1,Q1,PESTE,1.0,1.0,100.0
2023-S05,2023-01-30,1,Q1,PESTE,1.0,0.0,0.0
2023-S05,2023-02-01,2,Q1,PESTE,1.0,0.0,0.0
2023-S07,2023-02-13,2,Q1,PESTE,1.0,0.0,0.0
2023-S08,2023-02-20,2,Q1,PESTE,1.0,0.0,0.0
2023-S22,2023-06-02,6,Q2,PESTE,1.0,0.0,0.0
2023-S35,2023-09-01,9,Q3,PESTE,1.0,0.0,0.0
2023-S00,2023-01-01,1,Q1,PFA,28.0,0.0,0.0
2023-S01,2023-01-02,1,Q1,PFA,1.0,6.7,670.0
2023-S02,2023-01-09,1,Q1,PFA,5.0,3.7,74.0
2023-S03,2023-01-16,1,Q1,PFA,35.0,10.700000000000001,30.57
2023-S03,2023-01-22,1,Q1,PFA,2.0,0.0,0.0
2023-S04,2023-01-23,1,Q1,PFA,41.0,3.1,7.56
2023-S04,2023-01-26,1,Q1,PFA,1.0,0.0,0.0
2023-S04,2023-01-29,1,Q1,PFA,18.0,0.0,0.0
2023-S05,2023-01-30,1,Q1,PFA,35.0,0.0,0.0
2023-S05,2023-02-01,2,Q1,PFA,29.0,0.0,0.0
2023-S06,2023-02-06,2,Q1,PFA,1.0,0.0,0.0
2023-S07,2023-02-13,2,Q1,PFA,25.0,5.4,21.6
2023-S07,2023-02-16,2,Q1,PFA,2.0,0.0,0.0
2023-S08,2023-02-20,2,Q1,PFA,35.0,6.4,18.29
2023-S08,2023-02-22,2,Q1,PFA,1.0,0.0,0.0
2023-S08,2023-02-23,2,Q1,PFA,2.0,0.0,0.0
2023-S22,2023-06-02,6,Q2,PFA,21.0,1.0,4.76
2023-S35,2023-09-01,9,Q3,PFA,30.0,0.0,0.0
2023-S48,2023-12-01,12,Q4,PFA,1.0,0.0,0.0
2023-S00,2023-01-01,1,Q1,PNEUMONIE,1117.0,0.0,0.0
2023-S01,2023-01-02,1,Q1,PNEUMONIE,2976.0,431.3,14.49
2023-S02,2023-01-09,1,Q1,PNEUMONIE,4958.0,349.6,7.05
2023-S03,2023-01-16,1,Q1,PNEUMONIE,16428.0,361.8,2.2
2023-S03,2023-01-17,1,Q1,PNEUMONIE,90.0,1.0,1.11
2023-S03,2023-01-19,1,Q1,PNEUMONIE,1408.0,0.0,0.0
2023-S03,2023-01-22,1,Q1,PNEUMONIE,182.0,0.0,0.0
2023-S04,2023-01-23,1,Q1,PNEUMONIE,15883.0,231.0,1.45
2023-S04,2023-01-24,1,Q1,PNEUMONIE,493.0,1.0,0.2
2023-S04,2023-01-26,1,Q1,PNEUMONIE,1389.0,1.0,0.07
2023-S04,2023-01-29,1,Q1,PNEUMONIE,720.0,0.0,0.0
2023-S05,2023-01-30,1,Q1,PNEUMONIE,14128.0,11.0,0.08
2023-S05,2023-02-01,2,Q1,PNEUMONIE,13669.0,18.0,0.13
2023-S06,2023-02-06,2,Q1,PNEUMONIE,1719.0,0.0,0.0
2023-S07,2023-02-13,2,Q1,PNEUMONIE,15712.0,326.6,2.08
2023-S07,2023-02-16,2,Q1,PNEUMONIE,1879.0,2.0,0.11
2023-S08,2023-02-20,2,Q1,PNEUMONIE,12284.0,352.5,2.87
2023-S08,2023-02-22,2,Q1,PNEUMONIE,1552.0,1.0,0.06
2023-S08,2023-02-23,2,Q1,PNEUMONIE,268.0,2.0,0.75
2023-S22,2023-06-02,6,Q2,PNEUMONIE,12908.0,18.0,0.14
2023-S26,2023-07-01,7,Q3,PNEUMONIE,95.0,0.0,0.0
2023-S35,2023-09-01,9,Q3,PNEUMONIE,11982.0,8.0,0.07
2023-S35,2023-09-02,9,Q3,PNEUMONIE,1192.0,1.0,0.08
2023-S48,2023-12-01,12,Q4,PNEUMONIE,1115.0,2.0,0.18
2023-S48,2023-12-02,12,Q4,PNEUMONIE,10.0,0.0,0.0
2023-S00,2023-01-01,1,Q1,Paludisme (confirmé),8080.0,15.0,0.19
2023-S01,2023-01-02,1,Q1,Paludisme (confirmé),35623.0,6106.2,17.14
2023-S02,2023-01-09,1,Q1,Paludisme (confirmé),39895.0,5849.6,14.66
2023-S03,2023-01-16,1,Q1,Paludisme (confirmé),258132.0,7559.6,2.93
2023-S03,2023-01-17,1,Q1,Paludisme (confirmé),20463.0,20.0,0.1
2023-S03,2023-01-19,1,Q1,Paludisme (confirmé),5288.0,13.0,0.25
2023-S03,2023-01-22,1,Q1,Paludisme (confirmé),20281.0,17.0,0.08
2023-S04,2023-01-23,1,Q1,Paludisme (confirmé),251618.0,8489.0,3.37
2023-S04,2023-01-24,1,Q1,Paludisme (confirmé),12369.0,9.0,0.07
2023-S04,2023-01-26,1,Q1,Paludisme (confirmé),9121.0,10.0,0.11
2023-S04,2023-01-29,1,Q1,Paludisme (confirmé),4544.0,4.0,0.09
2023-S05,2023-01-30,1,Q1,Paludisme (confirmé),263599.0,213.0,0.08
2023-S05,2023-02-01,2,Q1,Paludisme (confirmé),237174.0,155.0,0.07
2023-S06,2023-02-06,2,Q1,Paludisme (confirmé),20218.0,226.0,1.12
2023-S07,2023-02-13,2,Q1,Paludisme (confirmé),265670.0,6065.4,2.28
2023-S07,2023-02-16,2,Q1,Paludisme (confirmé),5479.0,9.0,0.16
2023-S08,2023-02-20,2,Q1,Paludisme (confirmé),221350.0,5284.9,2.39
2023-S08,2023-02-22,2,Q1,Paludisme (confirmé),7138.0,7.0,0.1
2023-S08,2023-02-23,2,Q1,Paludisme (confirmé),19446.0,35.0,0.18
2023-S22,2023-06-02,6,Q2,Paludisme (confirmé),247194.0,166.0,0.07
2023-S26,2023-07-01,7,Q3,Paludisme (confirmé),8061.0,2.0,0.02
2023-S35,2023-09-01,9,Q3,Paludisme (confirmé),222356.0,136.0,0.06
2023-S35,2023-09-02,9,Q3,Paludisme (confirmé),6502.0,3.0,0.05
2023-S48,2023-12-01,12,Q4,Paludisme (confirmé),7047.0,8.0,0.11
2023-S48,2023-12-02,12,Q4,Paludisme (confirmé),282.0,0.0,0.0
2023-S00,2023-01-01,1,Q1,Paludisme (suspect),15390.0,0.0,0.0
2023-S01,2023-01-02,1,Q1,Paludisme (suspect),57643.0,8089.6,14.03
2023-S02,2023-01-09,1,Q1,Paludisme (suspect),56176.0,6015.0,10.71
2023-S03,2023-01-16,1,Q1,Paludisme (suspect),380176.0,7510.6,1.98
2023-S03,2023-01-17,1,Q1,Paludisme (suspect),29462.0,15.0,0.05
2023-S03,2023-01-19,1,Q1,Paludisme (suspect),15097.0,0.0,0.0
2023-S03,2023-01-22,1,Q1,Paludisme (suspect),26098.0,11.0,0.04
2023-S04,2023-01-23,1,Q1,Paludisme (suspect),361475.0,8102.0,2.24
2023-S04,2023-01-24,1,Q1,Paludisme (suspect),16244.0,4.0,0.02
2023-S04,2023-01-26,1,Q1,Paludisme (suspect),15438.0,1.0,0.01
2023-S04,2023-01-29,1,Q1,Paludisme (suspect),4817.0,3.0,0.06
2023-S05,2023-01-30,1,Q1,Paludisme (suspect),375598.0,117.0,0.03
2023-S05,2023-02-01,2,Q1,Paludisme (suspect),349490.0,65.0,0.02
2023-S06,2023-02-06,2,Q1,Paludisme (suspect),33350.0,0.0,0.0
2023-S07,2023-02-13,2,Q1,Paludisme (suspect),383239.0,6994.8,1.83
2023-S07,2023-02-16,2,Q1,Paludisme (suspect),13775.0,0.0,0.0
2023-S08,2023-02-20,2,Q1,Paludisme (suspect),327576.0,6612.7,2.02
2023-S08,2023-02-22,2,Q1,Paludisme (suspect),15329.0,0.0,0.0
2023-S08,2023-02-23,2,Q1,Paludisme (suspect),27884.0,6.0,0.02
2023-S22,2023-06-02,6,Q2,Paludisme (suspect),354130.0,94.0,0.03
2023-S26,2023-07-01,7,Q3,Paludisme (suspect),9924.0,2.0,0.02
2023-S35,2023-09-01,9,Q3,Paludisme (suspect),327877.0,62.0,0.02
2023-S35,2023-09-02,9,Q3,Paludisme (suspect),15454.0,0.0,0.0
2023-S48,2023-12-01,12,Q4,Paludisme (suspect),14611.0,0.0,0.0
2023-S03,2023-01-16,1,Q1,RAGE,2.0,0.0,0.0
2023-S04,2023-01-23,1,Q1,RAGE,4.0,0.0,0.0
2023-S05,2023-01-30,1,Q1,RAGE,1.0,0.0,0.0
2023-S05,2023-02-01,2,Q1,RAGE,4.0,0.0,0.0
2023-S07,2023-02-13,2,Q1,RAGE,7.0,0.0,0.0
2023-S08,2023-02-20,2,Q1,RAGE,1.0,0.0,0.0
2023-S22,2023-06-02,6,Q2,RAGE,1.0,1.0,100.0
2023-S35,2023-09-01,9,Q3,RAGE,6.0,0.0,0.0
2023-S00,2023-01-01,1,Q1,Rougeole,1029.0,1.0,0.1
2023-S01,2023-01-02,1,Q1,Rougeole,139.0,41.2,29.64
2023-S02,2023-01-09,1,Q1,Rougeole,91.0,15.799999999999999,17.36
2023-S03,2023-01-16,1,Q1,Rougeole,3221.0,58.7,1.82
2023-S03,2023-01-17,1,Q1,Rougeole,13.0,1.0,7.69
2023-S03,2023-01-19,1,Q1,Rougeole,1527.0,6.0,0.39
2023-S03,2023-01-22,1,Q1,Rougeole,12.0,1.0,8.33
2023-S04,2023-01-23,1,Q1,Rougeole,3151.0,71.5,2.27
2023-S04,2023-01-24,1,Q1,Rougeole,29.0,0.0,0.0
2023-S04,2023-01-26,1,Q1,Rougeole,1342.0,13.0,0.97
2023-S04,2023-01-29,1,Q1,Rougeole,9.0,0.0,0.0
2023-S05,2023-01-30,1,Q1,Rougeole,3833.0,36.0,0.94
2023-S05,2023-02-01,2,Q1,Rougeole,2239.0,32.0,1.43
2023-S06,2023-02-06,2,Q1,Rougeole,946.0,1.0,0.11
2023-S07,2023-02-13,2,Q1,Rougeole,4391.0,66.1,1.51
2023-S07,2023-02-16,2,Q1,Rougeole,578.0,10.0,1.73
2023-S08,2023-02-20,2,Q1,Rougeole,4300.0,75.4,1.75
2023-S08,2023-02-22,2,Q1,Rougeole,497.0,14.0,2.82
2023-S08,2023-02-23,2,Q1,Rougeole,6.0,0.0,0.0
2023-S22,2023-06-02,6,Q2,Rougeole,2618.0,43.0,1.64
2023-S26,2023-07-01,7,Q3,Rougeole,7.0,0.0,0.0
2023-S35,2023-09-01,9,Q3,Rougeole,2229.0,17.0,0.76
2023-S35,2023-09-02,9,Q3,Rougeole,758.0,10.0,1.32
2023-S48,2023-12-01,12,Q4,Rougeole,1156.0,6.0,0.52
2023-S48,2023-12-02,12,Q4,Rougeole,5.0,0.0,0.0
2023-S01,2023-01-02,1,Q1,TETANOS MATERNE,2.0,1.0,50.0
2023-S03,2023-01-16,1,Q1,TETANOS MATERNE,2.0,0.0,0.0
2023-S04,2023-01-23,1,Q1,TETANOS MATERNE,2.0,0.0,0.0
2023-S05,2023-01-30,1,Q1,TETANOS MATERNE,0.0,0.0,0.0
2023-S05,2023-02-01,2,Q1,TETANOS MATERNE,0.0,0.0,0.0
2023-S07,2023-02-13,2,Q1,TETANOS MATERNE,0.0,0.0,0.0
2023-S08,2023-02-20,2,Q1,TETANOS MATERNE,2.0,0.0,0.0
2023-S22,2023-06-02,6,Q2,TETANOS MATERNE,1.0,0.0,0.0
2023-S35,2023-09-01,9,Q3,TETANOS MATERNE,1.0,0.0,0.0
2023-S02,2023-01-09,1,Q1,TNN,37.25,1.4,3.76
2023-S03,2023-01-16,1,Q1,TNN,6.0,1.0,16.67
2023-S04,2023-01-23,1,Q1,TNN,8.0,4.0,50.0
2023-S04,2023-01-24,1,Q1,TNN,1.0,1.0,100.0
2023-S04,2023-01-29,1,Q1,TNN,7.5,0.0,0.0
2023-S05,2023-01-30,1,Q1,TNN,14.0,10.0,71.43
2023-S05,2023-02-01,2,Q1,TNN,7.0,3.0,42.86
2023-S07,2023-02-13,2,Q1,TNN,11.0,6.4,58.18
2023-S07,2023-02-16,2,Q1,TNN,1.0,1.0,100.0
2023-S08,2023-02-20,2,Q1,TNN,37.25,4.9,13.15
2023-S22,2023-06-02,6,Q2,TNN,8.0,5.0,62.5
2023-S35,2023-09-01,9,Q3,TNN,4.0,1.0,25.0
